<?xml version="1.0" encoding="UTF-8"?>
<!DOCTYPE glassfish-web-app PUBLIC "-//GlassFish.org//DTD GlassFish Application Server 3.1 Servlet 3.0//EN" "http://glassfish.org/dtds/glassfish-web-app_3_0-1.dtd">
<glassfish-web-app error-url="">
    <context-root>/minimarkt</context-root>
    
    <security-role-mapping>
        <role-name>minimarkt-app-user</role-name>
        <group-name>minimarkt-app-user</group-name>
    </security-role-mapping>
    
    <class-loader delegate="true"/>
    
    <jsp-config>
        <property name="keepgenerated" value="true">
            <description>Keep a copy of the generated servlet class' java code.</description>
        </property>
    </jsp-config>
    
    <parameter-encoding default-charset="UTF-8" />
</glassfish-web-app>
